Model,Style Code,Filename,Viewpoint,Date Added
Unknown,02_Models,BA2037-089_back.jpg,Back View,2025-06-17
Unknown,02_Models,BA2037-089_front.jpg,Front,2025-06-17
Unknown,02_Models,BA2037-089_tag1.jpg,Unlabeled,2025-06-17
Unknown,02_Models,BA2037-089_tag2.jpg,Unlabeled,2025-06-17
Unknown,02_Models,BA2449-089_frontview.jpg.jpg,Front,2025-06-17
Unknown,02_Models,BA2449-089_sideview.jpg.jpg,Side View,2025-06-17
Elephant OG,BA2037-089,‏‏BA2037-089_test.jpg,Unlabeled,2025-06-17
Elephant OG,BA2037-089,BA2037-089_ebay_hyperpotion_2025-06-20_back_1.jpg,Back,2025-06-20
Elephant OG,BA2037-089,BA2037-089_tag1_1.jpg,Unlabeled,2025-06-20
Elephant OG,BA2037-089,BA2037-089_tag2_1.jpg,Unlabeled,2025-06-20
Elephant OG,BA2037-089,‏‏BA2037-089_ebay_dunkjunkie_2024-05-12_front_1a.jpg,Front,2025-06-20
Elephant OG,BA2037-089,‏‏BA2037-089_ebay_hyperpotion_2024-05-12_front_1.jpg,Front,2025-06-20
Elephant OG,BA2037-089,‏‏BA2037-089_ebay_hyperpotion_2025-06-20_back_2.jpg,Back,2025-06-20
Elephant OG,BA2037-089,‏‏‏‏BA2037-089_ebay_hyperpotion_2024-05-12_front_1a.jpg,Front,2025-06-20
Elephant OG,BA2037-089,‏‏‏‏BA2037-089_ebay_hyperpotion_2024-05-12_front_1b.jpg,Front,2025-06-20
Elephant Vinyl,BA2449-089,BA2037-089_ebay_hyperpotion_2025-06-20_back_1.jpg,Back,2025-06-20
Elephant Vinyl,BA2449-089,BA2449-089_front_1.jpg.jpg,Front,2025-06-20
Elephant Vinyl,BA2449-089,BA2449-089_side_1.jpg.jpg,Side,2025-06-20
